cluster_size,token_wordfreq,wordfreq,token_tfidf,tfidf
13612,10000-0,0.21275345283574948,10000-0,0.21275345283574948
13612,51-200,0.1776373787834361,51-200,0.1776373787834361
13612,1001-5000,0.16243020863944266,1001-5000,0.16243020863944266
13612,1-50,0.13348516015280779,1-50,0.13348516015280779
13612,201-500,0.10189538642374363,201-500,0.10189538642374363
13612,501-1000,0.08022333235380537,501-1000,0.08022333235380537
13612,,0.07750514252130464,,0.07750514252130464
13612,5001-10000,0.054069938289744275,5001-10000,0.054069938289744275
