cluster_size,token_wordfreq,wordfreq,token_tfidf,tfidf
22056,10000-0,0.30350018135653994,10000-0,0.30350018135653994
22056,1001-5000,0.16213275299238317,1001-5000,0.16213275299238317
22056,,0.11561479869422747,,0.11561479869422747
22056,1-50,0.10409865796154846,1-50,0.10409865796154846
22056,51-200,0.09734312658686668,51-200,0.09734312658686668
22056,5001-10000,0.07644178454842171,5001-10000,0.07644178454842171
22056,201-500,0.07589771490750774,201-500,0.07589771490750774
22056,501-1000,0.06497098295248553,501-1000,0.06497098295248553
